Address:,"% of the total number of Issued Shares/ Warrants/ Units:","Name of CCASS Participant (* for Consenting Investor Participants ):",Shareholding:,"Participant ID:"
"32/F INFINITUS PLAZA 199 DES VOEUX ROAD CENTRAL SHEUNG WAN HONG KONG","9.54%","CHINA INDUSTRIAL SECURITIES","223,780,719",B01938
"12/F CCB TOWER 3 CONNAUGHT ROAD CENTRAL CENTRAL HONG KONG","7.48%","CCB INTERNATIONAL SECURITIES LTD","175,560,571",B01813
"RM 2901 CHINA INSURANCE GROUP BUILDING 141 DES VOEUX ROAD CENTRAL HONG KONG","6.82%","TAIPING SECURITIES (HK) CO LTD","160,016,467",B01217
"HSBC WEALTH BUSINESS SERVICES 8/F TOWER 2 & 3 HSBC CENTRE 1 SHAM MONG ROAD KOWLOON","5.74%","THE HONGKONG AND SHANGHAI BANKING","134,601,828",C00019
"41/F CENTRAL PLAZA 18 HARBOUR ROAD WANCHAI HONG KONG","4.08%","KGI ASIA LTD","95,778,887",B01610
"46/F INTERNATIONAL COMMERCE CENTRE 1 AUSTIN ROAD WEST KOWLOON","4.05%","MORGAN STANLEY HONG KONG SECURITIES LTD","95,019,000",B01274
"6/F HARCOURT HOUSE 39 GLOUCESTER ROAD HONG KONG","3.50%","UOB KAY HIAN (HONG KONG) LTD","82,181,070",B01353
"UNITS 2201-2207 & 2213-2214 22/F COSCO TOWER 183 QUEEN'S ROAD CENTRAL HONG KONG","3.12%","LUK FOOK SECURITIES (HK) LTD","73,286,305",B01556
"22/F GRAND MILLENNIUM PLAZA 181 QUEEN'S ROAD CENTRAL HONG KONG","2.90%","BOCI SECURITIES LTD","68,094,284",B01130
"16/F HANG SENG 113 113 ARGYLE STREET MONGKOK KOWLOON","2.62%","HANG SENG SECURITIES LTD","61,657,233",B01284
"42/F LEE GARDEN ONE 33 HYSAN AVENUE CAUSEWAY BAY HONG KONG","2.55%","SUN HUNG KAI INVESTMENT SERVICES LTD","59,969,607",B01086
"19/F WING ON HOUSE 71 DES VOEUX ROAD CENTRAL HONG KONG","1.46%","FIRST SHANGHAI SECURITIES LTD","34,433,470",B01686
"42/F ONE EXCHANGE SQUARE 8 CONNAUGHT PLACE CENTRAL HONG KONG","1.35%","UBS SECURITIES HONG KONG LTD","31,836,564",B01161
"RM 2502 25/F NAM WO BUILDING 148 WING LOK STREET SHEUNG WAN HONG KONG","1.35%","GLOBAL MASTERMIND SECURITIES LTD","31,749,000",B02087
"9/F CITI TOWER ONE BAY EAST 83 HOI BUN ROAD KWUN TONG KOWLOON","0.87%","CITIBANK N.A.","20,606,520",C00010
"SUITES 3201-3204 ONE EXCHANGE SQUARE 8 CONNAUGHT ROAD CENTRAL HONG KONG","0.87%","YUNFENG SECURITIES LTD","20,410,942",B01967
"LEVEL 17 THREE PACIFIC PLACE 1 QUEEN'S ROAD EAST HONG KONG","0.82%","SOOCHOW SECURITIES INTERNATIONAL","19,245,941",B01939
"SECURITIES SERVICES 15/F STANDARD CHARTERED TOWER 388 KWUN TONG ROAD KWUN TONG KOWLOON","0.78%","STANDARD CHARTERED BANK (HONG KONG) LTD","18,424,491",C00039
"11/F BANK OF CHINA CENTRE OLYMPIAN CITY 11 HOI FAI ROAD WEST KOWLOON","0.76%","BANK OF CHINA (HONG KONG) LTD","17,970,952",C00033
"15/F BANK OF COMMUNICATIONS TOWER 231-235 GLOUCESTER ROAD WANCHAI HONG KONG","0.51%","BANK OF COMMUNICATIONS TRUSTEE LTD","12,192,698",C00002
"72/F THE CENTER 99 QUEEN'S ROAD CENTRAL CENTRAL HONG KONG","0.45%","KINGSTON SECURITIES LTD","10,618,706",B01438
"1/F CHUN WO COMMERCIAL CENTRE 23-29 WING WO STREET CENTRAL HONG KONG","0.44%","OCBC WING HANG SHARES BROKERAGE CO. LTD","10,421,469",B01265
"10/F COSCO TOWER GRAND MILLENNIUM PLAZA 183 QUEEN'S ROAD CENTRAL HONG KONG","0.41%","GET NICE SECURITIES LTD","9,784,374",B01298
"7/F TWO HARBOUR SQUARE 180 WAI YIP STREET KWUN TONG KOWLOON","0.33%","DBS BANK (HONG KONG) LTD","7,878,606",C00015
"LEVEL 25 HSBC MAIN BUILDING 1 QUEEN'S ROAD CENTRAL HONG KONG","0.33%","HSBC BROKING SECURITIES (HONG KONG) LTD","7,762,145",B01089
"48/F ONE EXCHANGE SQUARE 8 CONNAUGHT ROAD CENTRAL HONG KONG","0.30%","CHINA MERCHANTS SECURITIES (HK) CO LTD","7,249,325",B01148
"SUITE 1512 TWO PACIFIC PLACE 88 QUEENSWAY HONG KONG","0.27%","INTERACTIVE BROKERS HONG KONG LTD","6,343,000",B01590
"26/F CITIC TOWER 1 TIM MEI AVENUE CENTRAL HONG KONG","0.24%","CITIC SECURITIES BROKERAGE (HK) LTD","5,794,698",B01228
"7/F LEE GARDEN THREE 1 SUNNING ROAD CAUSEWAY BAY HONG KONG","0.24%","SINOPAC SECURITIES (ASIA) LTD","5,685,261",B01497
"RM 1406-1412 14/F NAN FUNG TOWER 88 CONNAUGHT ROAD CENTRAL CENTRAL HONG KONG","0.23%","CSL SECURITIES LTD","5,404,237",B01421
"LEVEL 16 TOWER 1 MILLENNIUM CITY 1 388 KWUN TONG ROAD KWUN TONG KOWLOON","0.20%","ICBC (ASIA) SECURITIES LTD","4,884,154",B01727
"27/F GRAND MILLENNIUM PLAZA 181 QUEEN'S ROAD CENTRAL HONG KONG","0.16%","GUOTAI JUNAN SECURITIES (HONG KONG) LTD","3,983,321",B01565
"11/F CHINA RESOURCES BUILDING 26 HARBOUR ROAD WANCHAI HONG KONG","0.15%","CORE PACIFIC - YAMAICHI INTERNATIONAL","3,626,572",B01413
"40/F LEE GARDEN ONE 33 HYSAN AVENUE CAUSEWAY BAY HONG KONG","0.14%","SOUTHWEST SECURITIES (HK) BROKERAGE LTD","3,506,694",B01508
"23/F-24/F EMPEROR GROUP CENTRE 288 HENNESSY ROAD WANCHAI HONG KONG","0.14%","EMPEROR SECURITIES LTD","3,463,870",B01338
"11/F BANGKOK BANK BUILDING 14-20 BONHAM STRAND WEST SHEUNG WAN HONG KONG","0.14%","FUTU SECURITIES INTERNATIONAL","3,401,471",B01955
"18/F DEVON HOUSE TAIKOO PLACE 979 KING'S ROAD QUARRY BAY HONG KONG","0.14%","CHINA CITIC BANK INTERNATIONAL LTD","3,304,396",C00058
"28/F LEE GARDEN THREE 1 SUNNING ROAD CAUSEWAY BAY HONG KONG","0.13%","KIM ENG SECURITIES (HONG KONG) LTD","3,272,360",B01264
"SUITES 3207-3212 32/F ONE PACIFIC PLACE 88 QUEENSWAY HONG KONG","0.10%","GUOSEN SECURITIES (HK) BROKERAGE CO LTD","2,438,000",B01890
"28/F THREE EXCHANGE SQUARE 8 CONNAUGHT PLACE CENTRAL HONG KONG","0.10%","CHINA MERCHANTS BANK CO LTD","2,396,000",C00088
"RM 901-904 WORLD WIDE HOUSE 19 DES VOEUX ROAD CENTRAL HONG KONG","0.09%","PRUDENTIAL BROKERAGE LTD","2,240,959",B01423
"LEVEL 16 TOWER 1 MILLENNIUM CITY 1 388 KWUN TONG ROAD KWUN TONG KOWLOON","0.09%","INDUSTRIAL AND COMMERCIAL BANK OF CHINA","2,195,038",C00040
"18/F-19/F CHINA BUILDING 29 QUEEN'S ROAD CENTRAL HONG KONG","0.09%","CHINA TONGHAI SECURITIES LTD","2,186,660",B01184
"22/F LI PO CHUN CHAMBERS 189 DES VOEUX ROAD CENTRAL HONG KONG","0.08%","HAITONG INTERNATIONAL SECURITIES CO LTD","1,876,877",B01143
"35/F BEA TOWER MILLENNIUM CITY 5 418 KWUN TONG ROAD KWUN TONG KOWLOON","0.07%","THE BANK OF EAST ASIA LTD","1,739,000",C00003
"RM 1207-1209 12/F WING LUNG BANK CENTRE 636 NATHAN ROAD KOWLOON","0.06%","CMB WING LUNG BANK LTD","1,444,445",C00042
"16/F HANG SENG 113 113 ARGYLE STREET MONGKOK KOWLOON","0.06%","HANG SENG BANK LTD","1,441,649",C00018
"11/F BANK OF CHINA CENTRE OLYMPIAN CITY 11 HOI FAI ROAD WEST KOWLOON","0.06%","NANYANG COMMERCIAL BANK LTD","1,441,418",C00028
"37/F ICBC TOWER 3 GARDEN ROAD HONG KONG","0.05%","ICBC INTERNATIONAL SECURITIES LTD","1,368,000",B01866
"RM 803-804 LUK YU BLDG 24-26 STANLEY STREET CENTRAL HONG KONG","0.05%","COL SECURITIES (HK) LTD","1,230,000",B01748
"29/F ONE INTERNATIONAL FINANCE CENTRE 1 HARBOUR VIEW STREET CENTRAL HONG KONG","0.04%","CHINA INTERNATIONAL CAPITAL CORPORATION","1,123,000",B01654
"RM 701 DINA HOUSE RUTTONJEE CENTRE 11 DUDDELL STREET CENTRAL HONG KONG","0.04%","TAIFAIR SECURITIES LTD","1,103,193",B01392
"LEVEL 19 28 HENNESSY ROAD HONG KONG","0.04%","SHENWAN HONGYUAN SECURITIES (H.K.) LTD","1,097,227",B01115
"37/F TIMES TOWER 393 JAFFE ROAD CAUSEWAY BAY HONG KONG","0.04%","ENHANCED SECURITIES LTD","1,085,000",B01928
"SUITE 3509 35/F TOWER 2 LIPPO CENTRE 89 QUEENSWAY HONG KONG","0.04%","DAKIN SECURITIES LTD","1,000,000",B02036
"C/O BANK OF AMERICA MERRILL LYNCH 38/F CHEUNG KONG CENTER 2 QUEEN'S ROAD CENTRAL CENTRAL HONG KONG","0.04%","MERRILL LYNCH FAR EAST LTD","968,936",B01224
"10/F WING ON HOUSE 71 DES VOEUX ROAD CENTRAL CENTRAL HONG KONG","0.04%","BRIGHT SMART SECURITIES INTERNATIONAL","938,115",B01668
"6/F JUBILEE CENTRE 18 FENWICK STREET WANCHAI HONG KONG","0.03%","ENLIGHTEN SECURITIES LTD","926,941",B01633
"SUITES 3208-3211 32/F TOWER TWO TIMES SQUARE 1 MATHESON STREET CAUSEWAY BAY HONG KONG","0.03%","I-ACCESS INVESTORS LTD","842,464",B01818
"28/F 100 QUEEN'S ROAD CENTER 100 QRC CENTRAL HONG KONG","0.03%","ORIENT SECURITIES (HONG KONG) LTD","784,000",B01900
"39/F ONE EXCHANGE SQUARE CENTRAL HONG KONG","0.03%","ESSENCE INTERNATIONAL SECURITIES","731,532",B01905
"UNITS 3601, 07 & 11-13 36/F THE CENTER 99 QUEEN'S ROAD CENTRAL HONG KONG","0.02%","CHINA PA SECURITIES (HONG KONG) CO LTD","680,000",B02176
"C/O BEA SETTLEMENT OPERATIONS DEPT-IOS 35/F BEA TOWER MILLENNIUM CITY 5 418 KWUN TONG ROAD KOWLOON","0.02%","EAST ASIA SECURITIES CO LTD","676,150",B01118
"11/F BANK OF CHINA CENTRE OLYMPIAN CITY 11 HOI FAI ROAD WEST KOWLOON","0.02%","CHIYU BANKING CORPORATION LTD","663,308",C00048
"11/F UNITED CENTRE 95 QUEENSWAY HONG KONG","0.02%","PHILLIP SECURITIES (HONG KONG) LTD","532,447",B01345
"UNITS 603-605 6/F FWD FINANCIAL CENTRE 308 DES VOEUX ROAD CENTRAL SHEUNG WAN HONG KONG","0.02%","LUEN FAT SECURITIES CO LTD","495,318",B01320
"PORTION 1 12/F THE CENTER 99 QUEEN'S ROAD CENTRAL HONG KONG","0.02%","MASON SECURITIES LTD","472,081",B01209
"RM 3310 33/F BANK OF AMERICA TOWER 12 HARCOURT ROAD CENTRAL HONG KONG","0.01%","TAI FUNG KUENTAI SECURITIES CO LTD","445,882",B01623
"RM 1704-1710 KORNHILL PLAZA-OFFICE TOWER 1 KORNHILL ROAD QUARRY BAY HONG KONG","0.01%","CHOW SANG SANG SECURITIES LTD","429,944",B01137
"RM 1701 WINDSOR HOUSE 311 GLOUCESTER ROAD CAUSEWAY BAY HONG KONG","0.01%","FAIR EAGLE SECURITIES CO LTD","422,934",B01259
"28/F BANK OF CHINA TOWER 1 GARDEN RD CENTRAL HONG KONG","0.01%","SOUTH CHINA SECURITIES LTD","419,926",B01289
"29/F-30/F LI PO CHUN CHAMBERS 189 DES VOEUX ROAD CENTRAL HONG KONG","0.01%","GF SECURITIES (HONG KONG) BROKERAGE LTD","412,000",B01826
"33/F COSCO TOWER GRAND MILLENNIUM PLAZA 183 QUEEN'S ROAD CENTRAL HONG KONG","0.01%","FULBRIGHT SECURITIES LTD","377,998",B01673
"21/F PCCW TOWER TAIKOO PLACE 979 KING'S ROAD QUARRY BAY HONG KONG","0.01%","BNP PARIBAS SECURITIES SERVICES","373,584",C00093
"UNIT 1702 17/F EASTERN CENTRAL PLAZA 3 YIU HING ROAD SHAU KEI WAN HONG KONG","0.01%","OCBC WING HANG BANK LTD","360,622",C00041
"RM 2403 24/F EVERBRIGHT CENTRE 108 GLOUCESTER ROAD WANCHAI HONG KONG","0.01%","DAH SING SECURITIES LTD","351,844",B01695
"RM 602 YIP FUNG BUILDING 2-18 D'AGUILAR STREET CENTRAL HONG KONG","0.01%","WADER SECURITIES CO LTD","350,000",B01574
"22/F MANHATTAN PLACE 23 WANG TAI ROAD KOWLOON BAY KOWLOON","0.01%","CELESTIAL SECURITIES LTD","346,300",B01119
"707A WING ON HOUSE 71 DES VOEUX ROAD CENTRAL HONG KONG","0.01%","TAI TAK SECURITIES (ASIA) LTD","342,694",B01439
"18/F TOWER 2 THE QUAYSIDE 77 HOI BUN ROAD KWUN TONG KOWLOON","0.01%","JPMORGAN CHASE BANK, NATIONAL","339,676",C00100
"19/F GREENWICH CENTRE 260 KING'S ROAD NORTH POINT HONG KONG","0.01%","FB SECURITIES (HONG KONG) LTD","332,867",B01272
"RM 901-2 LANSING HSE 41-47 QUEEN'S RD C CENTRAL HONG KONG","0.01%","BAN HIN SECURITIES CO LTD","329,259",B01328
"2/F CHONG HING BANK CENTRE 24 DES VOEUX ROAD CENTRAL HONG KONG","0.01%","CHONG HING SECURITIES LTD","323,156",B01183
"49/F ONE EXCHANGE SQUARE 8 CONNAUGHT PLACE CENTRAL HONG KONG","0.01%","VMS SECURITIES LTD","320,000",B01080
"UNIT A3 32/F UNITED CENTRE 95 QUEENSWAY HONG KONG","0.01%","EVERGRANDE SECURITIES (HONG KONG) LTD","310,376",B01685
"C/O SECURITIES PROCESSING CENTRE LEVEL 23 TOWER 2 KOWLOON COMMERCE CENTRE 51 KWAI CHEONG ROAD KWAI CHUNG NEW TERRITORIES","0.01%","SHANGHAI COMMERCIAL BANK LTD","309,147",C00037
"3702B FAR EAST FINANCE CENTRE 16 HARCOURT ROAD ADMIRALTY HONG KONG","0.01%","SINO-RICH SECURITIES & FUTURES LTD","303,000",B01710
"23/F TOWER 1 ADMIRALTY CENTRE 18 HARCOURT ROAD ADMIRALTY HONG KONG","0.01%","YUANTA SECURITIES (HONG KONG) CO LTD","295,129",B01858
"51/F-66/F INTERNATIONAL COMMERCE CENTRE 1 AUSTIN ROAD WEST KOWLOON","0.01%","DEUTSCHE BANK AG","287,000",C00074
"11/F FWD FINANCIAL CENTRE 308 DES VOEUX ROAD CENTRAL HONG KONG","0.01%","CHIEF SECURITIES LTD","275,230",B01584
"ROOM 1802 18/F CAPITAL CENTRE NO. 151 GLOUCESTER ROAD WANCHAI HONG KONG","0.01%","FUNDERSTONE SECURITIES LTD","271,496",B01324
"20/F V-HEUN BUILDING 138 QUEEN'S ROAD CENTRAL HONG KONG","0.01%","YARDLEY SECURITIES LTD","250,189",B01493
"21/F 141 CONNAUGHT ROAD WEST HONG KONG","0.01%","HUA NAN SECURITIES (HK) LTD","240,000",B01721
"RM 1101-3 11/F YARDLEY COMMERCIAL BLDG 3 CONNAUGHT ROAD WEST SHEUNG WAN HONG KONG","0.00%","VICTORY SECURITIES CO LTD","223,387",B01445
"SUITE 930 9/F OCEAN CENTRE HARBOUR CITY 5 CANTON ROAD KOWLOON","0.00%","HUAYU SECURITIES LTD","219,413",B01550
"11/F MAN YEE BUILDING 68 DES VOEUX ROAD CENTRAL HONG KONG","0.00%","BOCOM INTERNATIONAL SECURITIES LTD","217,010",B01842
"9/F NINE QUEEN'S ROAD CENTRAL HONG KONG","0.00%","OVERSEA-CHINESE BANKING CORPORATION LTD","200,000",C00070
"45TH FLOOR COSCO TOWER 183 QUEEN'S ROAD CENTRAL HONG KONG","0.00%","CINDA INTERNATIONAL SECURITIES LTD","187,106",B01649
"RM 701-702 YUE SHING COMMERCIAL BUILDING 15 QUEEN VICTORIA STREET CENTRAL HONG KONG","0.00%","SUNRISE SECURITIES LTD","183,824",B01788
"20/F CCB CENTRE 18 WANG CHIU ROAD KOWLOON BAY KOWLOON","0.00%","CHINA CONSTRUCTION BANK (ASIA)","183,365",C00036
"UNITS 2503, 2505-2506 25/F LOW BLOCK GRAND MILLENNIUM PLAZA 181 QUEEN'S ROAD CENTRAL HONG KONG","0.00%","SINOLINK SECURITIES (HONG KONG) CO LTD","180,000",B01256
"RM 601-602 6/F PETER BUILDING 58-60 QUEEN'S ROAD CENTRAL HONG KONG","0.00%","SELINA & CO LTD","174,382",B01645
"3/F SHUM TOWER 268 DES VOEUX ROAD CENTRAL HONG KONG","0.00%","BERICH BROKERAGE LTD","146,131",B01460
"ROOM 2808 28/F CHINA MERCHANTS TOWER SHUN TAK CENTRE 168-200 CONNAUGHT ROAD CENTRAL HONG KONG","0.00%","VALUABLE CAPITAL LTD","140,282",B01904
"7/F TOWER 1 LIPPO CENTRE 89 QUEENSWAY HONG KONG","0.00%","KINGSWAY FINANCIAL SERVICES GROUP LTD","134,295",B01581
"1/F WING'S BLDG 110-116 QUEEN'S ROAD CENTRAL HONG KONG","0.00%","DL BROKERAGE LTD","132,637",B01450
"UNITS 1205-6 12/F WEST TOWER SHUN TAK CENTRE 200 CONNAUGHT ROAD CENTRAL HONG KONG","0.00%","SOLID KING SECURITIES LTD","132,342",B01158
"RM 1307 13/F BANK OF AMERICA TOWER 12 HARCOURT ROAD CENTRAL HONG KONG","0.00%","GUODU SECURITIES (HONG KONG) LTD","132,000",B01875
"RM 1801-1806 PRESIDENT COMMERCIAL CENTRE 608 NATHAN ROAD MONGKOK KOWLOON","0.00%","TAT LEE SECURITIES CO LTD","129,326",B01511
"UNIT A 10/F YHC TOWER 1 SHEUNG YUET ROAD KOWLOON BAY KOWLOON","0.00%","TD KING SECURITIES LTD","120,847",B01843
"SUITE 1603-1607 16/F GREAT EAGLE CENTRE 23 HARBOUR ROAD WANCHAI HONG KONG","0.00%","SUCCESS SECURITIES LTD","120,000",B01680
"15/F 1 LYNDHURST TOWER 1 LYNDHURST TERRACE CENTRAL HONG KONG","0.00%","SOFI SECURITIES (HONG KONG) LTD","120,000",B01940
"12/F SHUM TOWER 268 DES VOEUX ROAD CENTRAL HONG KONG","0.00%","MASTER TRADEMORE SECURITIES LTD","110,530",B01575
"SUITES 1505-1508 TWO EXCHANGE SQUARE 8 CONNAUGHT PLACE CENTRAL HONG KONG","0.00%","CENTRAL CHINA INTERNATIONAL SECURITIES","110,000",B01982
"5/F LUK KWOK CENTRE 72 GLOUCESTER ROAD WANCHAI HONG KONG","0.00%","DELTA ASIA SECURITIES LTD","108,951",B01356
"RM B 7/F HILLIER COMMERCIAL BUILDING 89 WING LOK ST EAST CENTRAL HONG KONG","0.00%","BULLISH SECURITIES LTD","101,789",B01483
"14/F GRAND BUILDING 15-18 CONNAUGHT ROAD CENTRAL HONG KONG","0.00%","PO KAY SECURITIES & SHARES CO LTD","100,653",B01198
"20/F WING ON CENTRE 111 CONNAUGHT ROAD CENTRAL HONG KONG","0.00%","CHINA GALAXY INTERNATIONAL SECURITIES","99,188",B01929
"23/F GUANGDONG FINANCE BUILDING 88 CONNAUGHT ROAD WEST HONG KONG","0.00%","SINCERE SECURITIES LTD","95,350",B01427
"11/F NEW WORLD TOWER II 16-18 QUEEN'S ROAD CENTRAL HONG KONG","0.00%","PACIFIC FOUNDATION SECURITIES LTD","90,094",B01230
"UNIT B 16/F WINBASE CENTRE 208 QUEEN'S ROAD CENTRAL HONG KONG","0.00%","WAH SANG SECURITIES LTD","89,838",B01712
"21/F CENTRE POINT 181-185 GLOUCESTER ROAD WANCHAI HONG KONG","0.00%","CIS SECURITIES ASSET MANAGEMENT LTD","84,000",B01849
"ROOM 801-804 HALESON BUILDING 1 JUBILEE STREET CENTRAL HONG KONG","0.00%","TAI SHING STOCK INVESTMENT CO LTD","81,436",B01676
"28/F SIU ON CENTRE 188 LOCKHART ROAD WANCHAI HONG KONG","0.00%","YUE XIU SECURITIES CO LTD","81,035",B01551
"26/F SUPREME COMMERCIAL BUILDING 368 KING'S ROAD NORTH POINT HONG KONG","0.00%","WIN WONG SECURITIES LTD","79,451",B01407
"UNITS 2401-2403 24/F GRAND MILLENNIUM PLAZA 181 QUEEN'S ROAD CENTRAL HONG KONG","0.00%","CAITONG INTERNATIONAL SECURITIES CO LTD","72,000",B01948
"LEVEL 7 28 HENNESSY ROAD WANCHAI HONG KONG","0.00%","RIFA SECURITIES LTD","71,484",B01173
"FLAT A & B 7/F NGAN HOUSE 210 DES VOEUX ROAD CENTRAL HONG KONG","0.00%","TANG KEE SECURITIES LTD","70,864",B01749
"UNIT 6708A LEVEL 67 INTERNATIONAL COMMERCE CENTRE 1 AUSTIN ROAD WEST KOWLOON","0.00%","CENTRAL WEALTH SECURITIES INVESTMENT LTD","70,171",B01897
"RM 1003 10/F INFINITUS PLAZA 199 DES VOEUX ROAD CENTRAL HONG KONG","0.00%","FIRST WORLDSEC SECURITIES LTD","66,118",B01372
"UNIT 408-409 4/F FORTRESS TOWER 250 KING'S ROAD FORTRESS HILL HONG KONG","0.00%","CORPORATE BROKERS LTD","62,977",B01252
"8/F TWO EXCHANGE SQUARE 8 CONNAUGHT PLACE CENTRAL HONG KONG","0.00%","HONG KONG SECURITIES CLEARING CO. LTD.","60,352",
"ROOM 1201-02 12/F TUNG HIP COMMERCIAL BUILDING 252 DES VOEUX ROAD CENTRAL HONG KONG","0.00%","CHINA SYSTEM SECURITIES LTD","60,000",B01809
"1/F-2/F PINNACLE BUILDING 9 SHIP STREET WANCHAI HONG KONG","0.00%","SPS SECURITIES LTD","57,317",B01290
"LEVEL 26 ONE PACIFIC PLACE 88 QUEENSWAY HONG KONG","0.00%","DAIWA CAPITAL MARKETS HONG KONG LTD","57,000",B01777
"11/F DUKE WELLINGTON BLDG 14-24 WELLINGTON ST CENTRAL HONG KONG","0.00%","HIP HING SECURITIES LTD","56,768",B01428
"UNIT A 16/F & UNIT A 17/F TWO PACIFIC PLACE 88 QUEENSWAY HONG KONG","0.00%","HUARONG INTERNATIONAL SECURITIES LTD","55,079",B01563
"16/F ONE ISLAND EAST 18 WESTLANDS ROAD ISLAND EAST HONG KONG","0.00%","DBS VICKERS (HONG KONG) LTD","53,872",B01762
"2/F CHEONG K. BUILDING 84-86 DES VOEUX ROAD CENTRAL HONG KONG","0.00%","ONE CHINA SECURITIES LTD","51,106",B01769
"17/F THREE EXCHANGE SQUARE 8 CONNAUGHT ROAD CENTRAL CENTRAL HONG KONG","0.00%","GUOYUAN SECURITIES BROKERAGE (HONG KONG)","51,000",B01825
"UNITS 1A&B, 2C & 6A KO'S HOUSE 577 NATHAN ROAD MONGKOK KOWLOON","0.00%","KO'S BROTHER SECURITIES CO LTD","49,028",B01761
"RM 2501 25/F AIA TOWER 183 ELECTRIC ROAD NORTH POINT HONG KONG","0.00%","MONEX BOOM SECURITIES (H.K.) LTD","46,236",B02132
"19/F UNIT A&B UNITED CENTRE 95 QUEENSWAY HONG KONG","0.00%","HING WONG SECURITIES LTD","44,590",B01123
"6/F CENTRE POINT 181-185 GLOUCESTER ROAD WANCHAI HONG KONG","0.00%","VC BROKERAGE LTD","43,884",B01416
"12/F SOUTH CHINA BUILDING 1-3 WYNDHAM STREET CENTRAL HONG KONG","0.00%","HANTEC SECURITIES CO LTD","43,482",B01696
"FLAT B 19/F GUANGDONG INVESTMENT BUILDING 148 CONNAUGHT ROAD CENTRAL SHEUNG WAN HONG KONG","0.00%","CEPA ALLIANCE SECURITIES LTD","41,882",B01743
"5/F & 6/F MALAHON CENTRE 10-12 STANLEY STREET CENTRAL HONG KONG","0.00%","MALAHON SECURITIES LTD","41,231",B01213
"UNIT 1007 10/F CHINA INSURANCE GROUP BUILDING 141 DES VOEUX ROAD CENTRAL CENTRAL HONG KONG","0.00%","LEHIN SECURITIES LTD","38,056",B01340
"RM 2001-2006 COSCO TOWER 183 QUEEN'S ROAD CENTRAL HONG KONG","0.00%","SANFULL SECURITIES LTD","37,835",B01275
"RM 1402 FORTIS BANK TOWER 77-79 GLOUCESTER ROAD WANCHAI HONG KONG","0.00%","WINFULL SECURITIES LTD","35,190",B01267
"SUITE 2701 27/F PROSPERITY TOWER 39 QUEEN'S ROAD CENTRAL HONG KONG","0.00%","CHRISTFUND SECURITIES LTD","35,034",B01373
"7/F HARBOUR COMMERCIAL BUILDING 122-124 CONNAUGHT ROAD CENTRAL CENTRAL HONG KONG","0.00%","GOOD HARVEST SECURITIES CO LTD","30,378",B01519
"18/F TWO EXCHANGE SQUARE 8 CONNAUGHT PLACE CENTRAL HONG KONG","0.00%","CHINA SECURITIES (INTERNATIONAL)","30,000",B01962
"RM 1002 WING ON CENTRE 111 CONNAUGHT ROAD CENTRAL HONG KONG","0.00%","WOCOM SECURITIES LTD","29,055",B01129
"ROOM 2305-2306 23/F CHINA RESOURCES BUILDING 26 HARBOUR ROAD WANCHAI HONG KONG","0.00%","HONG KONG INTERNATIONAL SECURITIES LTD","26,942",B01231
"19/F TAK WOO HOUSE 17-19 D'AGUILAR STREET CENTRAL HONG KONG","0.00%","BOKHARY SECURITIES LTD","26,750",B01662
"UNIT 710-715 7/F MILLENNIUM CITY 2 378 KWUN TONG ROAD KOWLOON","0.00%","REALINK FINANCIAL TRADE LTD","26,706",B01700
"ROOM 2202-3 22/F CHINA INSURANCE GROUP BUILDING 141 DES VOEUX ROAD CENTRAL HONG KONG","0.00%","CELETIO INVESTMENTS LTD","26,214",B01343
"RM 2115 21/F GREAT EAGLE CENTRE 23 HARBOUR ROAD WANCHAI HONG KONG","0.00%","PACIFIC CHALLENGE SECURITIES LTD","25,647",B01471
"2/F UNIT B WINBASE CENTRE 208 QUEEN'S ROAD CENTRAL HONG KONG","0.00%","NORTH SEA SECURITIES LTD","23,460",B01520
"ROOMS 1101-02 & 1111-12 WING ON CENTRE 111 CONNAUGHT ROAD CENTRAL HONG KONG","0.00%","EVER-LONG SECURITIES CO LTD","22,846",B01523
"7/F TWO HARBOUR SQUARE 180 WAI YIP STREET KWUN TONG KOWLOON","0.00%","DBS BANK LTD","22,000",C00016
"1/F SUN MONG HOUSE 50-56 MONGKOK ROAD MONGKOK KOWLOON","0.00%","KEE CHEONG SECURITIES CO LTD","21,591",B01525
"13/F FAIRMONT HOUSE 8 COTTON TREE DRIVE CENTRAL HONG KONG","0.00%","ABCI SECURITIES CO LTD","21,565",B01564
"RM 201-5 2/F KOWLOON CENTRE 29-39 ASHLEY ROAD KOWLOON","0.00%","RAMON INVESTMENT CO LTD","21,318",B01724
"RM 2704 TOWER 1 ADMIRALTY CENTRE 18 HARCOURT ROAD ADMIRALTY HONG KONG","0.00%","ASTRUM CAPITAL MANAGEMENT LTD","21,000",B01810
"RM 504 MONGKOK COMMERCIAL CENTRE 16 ARGYLE STREET MONGKOK KOWLOON","0.00%","NORMAN KONG SECURITIES CO LTD","20,470",B01720
"UNIT 2208-2209 CHINA INSURANCE GROUP BUILDING 141 DES VOEUX ROAD CENTRAL HONG KONG","0.00%","AFFLUX SECURITIES LTD","20,188",B02078
"RM 3702A 37/F FAR EAST FINANCE CENTRE 16 HARCOURT ROAD ADMIRALTY HONG KONG","0.00%","ALPHA SECURITIES CO LTD","20,000",B01292
"ROOM 05-06 17/F CONVENTION PLAZA OFFICE TOWER 1 HARBOUR ROAD WANCHAI HONG KONG","0.00%","HONGKONG BAY SECURITIES LTD","20,000",B01674
"UNITS 2209-10 22/F FORTRESS TOWER 250 KING'S ROAD HONG KONG","0.00%","GT CAPITAL LTD","20,000",B01725
"27/F TIMES MEDIA CENTRE 133 WAN CHAI ROAD WANCHAI HONG KONG","0.00%","NERICO BROTHERS LTD","20,000",B01831
"19TH FLOOR TUNG NING BUILDING 125-7 CONNAUGHT ROAD CENTRAL HONG KONG","0.00%","YICKO SECURITIES LTD","19,789",B01458
"68TH FLOOR CHEUNG KONG CENTER 2 QUEEN'S ROAD CENTRAL HONG KONG","0.00%","GOLDMAN SACHS (ASIA) SECURITIES LTD","17,500",B01451
"RM 406 4/F HOUSTON CENTRE 63 MODY ROAD TSIMSHATSUI EAST KOWLOON","0.00%","WELLFULL SECURITIES CO LTD","16,305",B01425
"UNITS 2603-2606 26/F INFINITUS PLAZA 199 DES VOEUX ROAD CENTRAL HONG KONG","0.00%","PRESIDENT SECURITIES (HONG KONG) LTD","16,000",B01715
"27/F TWO EXCHANGE SQUARE 8 CONNAUGHT PLACE CENTRAL HONG KONG","0.00%","ORIENTAL PATRON SECURITIES LTD","13,471",B01510
"UNIT 3203 TOWER 1 ADMIRALTY CENTRE 18 HARCOURT ROAD ADMIRALTY HONG KONG","0.00%","EASTMONEY INTERNATIONAL SECURITIES LTD","13,000",B01885
"2/F SIU YING COMM BLDG 151-155 QUEEN'S ROAD CENTRAL HONG KONG","0.00%","WO FUNG SECURITIES CO LTD","12,941",B01546
"6/F EURO TRADE CTR 13-14 CONNAUGHT RD CENTRAL HONG KONG","0.00%","OKACHI INVESTMENTS (HONG KONG) CO LTD","12,730",B01191
"RM 1708-1710 17/F CHINA INSURANCE GROUP BUILDING 141 DES VOEUX ROAD CENTRAL HONG KONG","0.00%","FIRST SECURITIES (HK) LTD","12,094",B01669
"18/F WING ON CENTRE 111 CONNAUGHT ROAD CENTRAL HONG KONG","0.00%","GLORY SUN SECURITIES LTD","11,411",B01666
"SUITE 6B 89 WING LOK STREET HONG KONG","0.00%","AAA SECURITIES CO. LTD","11,296",B02045
"UNIT A 19/F DAH SING LIFE BUILDING 99 DES VOEUX ROAD CENTRAL HONG KONG","0.00%","NEW REGION SECURITIES CO LTD","11,037",B01481
"RM 2902-2903 118 CONNAUGHT ROAD WEST HONG KONG","0.00%","HING WAI ALLIED SECURITIES LTD","11,013",B01433
"RM 3008 TOWER 6 THE GATEWAY HARBOUR CITY TSIMSHATSUI KOWLOON","0.00%","HING LEE SECURITIES LTD","10,377",B01559
"32/F SIU ON CENTRE 188 LOCKHART ROAD WANCHAI HONG KONG","0.00%","SIU ON SECURITIES LTD","10,000",B01576
"18/F ONE PACIFIC PLACE 88 QUEENSWAY HONG KONG","0.00%","CLSA LTD","9,412",B01138
"ROOM 1602 16/F KAI TAK COMMERCIAL BUILDING 317-319 DES VOEUX ROAD CENTRAL HONG KONG","0.00%","PRIME SECURITIES LTD","8,658",B01567
"ROOM 701 9 QUEEN'S ROAD CENTRAL HONG KONG","0.00%","ROSA SECURITIES LTD","8,019",B01708
"10/F NINE QUEEN'S ROAD CENTRAL HONG KONG","0.00%","HENYEP SECURITIES LTD","7,636",B01212
"RM 201A 2/F CHINA BUILDING 29 QUEEN'S ROAD CENTRAL HONG KONG","0.00%","ZHONGRONG PT SECURITIES LTD","6,554",B01389
"OFFICE A 11/F HING LUNG COMMERCIAL BUILDING 68 BONHAM STRAND SHEUNG WAN HONG KONG","0.00%","HO FUNG SHARES INVESTMENT LTD","6,298",B01789
"10/F PUBLIC BANK CENTRE 120 DES VOEUX ROAD CENTRAL HONG KONG","0.00%","PUBLIC FINANCIAL SECURITIES LTD","6,119",B01169
"SUITE 2505 25/F WEST TOWER SHUN TAK CENTRE 200 CONNAUGHT ROAD CENTRAL SHEUNG WAN HONG KONG","0.00%","HUNG SING SECURITIES LTD","6,000",B01470
"UNIT B 19/F TWO CHINACHEM PLAZA 135 DES VOEUX ROAD CENTRAL HONG KONG","0.00%","LEE'S SECURITIES CO LTD","5,222",B01779
"7/F PEARL ORIENTAL HOUSE 60 STANLEY STREET CENTRAL HONG KONG","0.00%","ROOFER SECURITIES LTD","5,094",B01664
"23/F 77-83 WANCHAI ROAD WANCHAI HONG KONG","0.00%","K.K.M. SECURITIES LTD","5,082",B01566
"ROOM 1302 299QRC 299 QUEEN'S ROAD CENTRAL HONG KONG","0.00%","FE SECURITIES LTD","5,033",B01141
"RM 1203-1204 12/F TAI SANG BANK BLDG 130-132 DES VOEUX ROAD CENTRAL HONG KONG","0.00%","MONTGOMERY SECURITIES LTD","5,000",B01296
"UNIT 301 3/F INNOCENTRE 72 TAT CHEE AVENUE KOWLOON TONG KOWLOON","0.00%","TAI FUNG SECURITIES LTD","5,000",B01679
"RM 102 1/F ON HONG COMMERCIAL BUILDING 145 HENNESSY ROAD WANCHAI HONG KONG","0.00%","NATIONAL RESOURCES SECURITIES LTD","4,894",B01455
"RM 1706-7 CHINA INSURANCE GROUP BUILDING 141 DES VOEUX ROAD CENTRAL HONG KONG","0.00%","WING ON SECURITIES LTD","4,427",B01684
"2/F ST. JOHN'S BUILDING 33 GARDEN ROAD CENTRAL HONG KONG","0.00%","HANG TAI SECURITIES LTD","4,318",B01271
"RM 5808-5812 58/F THE CENTER 99 QUEEN'S ROAD CENTRAL HONG KONG","0.00%","HUATAI FINANCIAL HOLDINGS (HONG KONG)","4,000",B01829
"RM 101 1/F ON HONG COMMERCIAL BUILDING 145 HENNESSY ROAD WANCHAI HONG KONG","0.00%","ARISTO SECURITIES LTD","4,000",B01974
"6/F HING YIP COMMERCIAL CENTRE 272-284 DES VOEUX ROAD CENTRAL HONG KONG","0.00%","TARZAN STOCK & SHARES LTD","3,915",B01415
"25/F GLOUCESTER TOWER THE LANDMARK 15 QUEEN'S ROAD CENTRAL HONG KONG","0.00%","CGS-CIMB SECURITIES (HONG KONG) LTD","3,657",B01347
"FLAT A 3/F KONG LING BUILDING 100-102 JERVOIS STREET SHEUNG WAN HONG KONG","0.00%","BAILI SECURITIES CO LTD","3,636",B01444
"UNIT 2810 28/F CHINA MERCHANTS TOWER SHUN TAK CENTRE 168-200 CONNAUGHT ROAD CENTRAL HONG KONG","0.00%","HERMES SECURITIES LTD","3,481",B01661
"6/F GRAND BUILDING 15-18 CONNAUGHT ROAD CENTRAL HONG KONG","0.00%","AUDREY CHOW SECURITIES LTD","3,295",B01494
"G/F 169 TAI NAM ST SHAMSHUIPO KOWLOON","0.00%","TUNG TAK SECURITIES (H.K.) CO LTD","3,204",B01310
"22/F CHUN WO COMMERCIAL CENTRE 23-27 WING WO STREET HONG KONG","0.00%","PROMISING SECURITIES CO LTD","2,634",B01765
"UNIT 2508 25/F COSCO TOWER 183 QUEEN'S ROAD CENTRAL CENTRAL HONG KONG","0.00%","GRANSING SECURITIES CO LTD","2,494",B01660
"UNIT 1401 14/F LOW BLOCK GRAND MILLENNIUM PLAZA 181 QUEEN'S ROAD CENTRAL HONG KONG","0.00%","CHINA RICH SECURITIES LTD","2,271",B01410
"SUITE 2101-2105 21/F CHAMPION TOWER 3 GARDEN ROAD CENTRAL HONG KONG","0.00%","FOSUN HANI SECURITIES LTD","2,259",B01181
"RM 2406 24/F GRAND MILLENNIUM PLAZA 181 QUEEN'S ROAD CENTRAL HONG KONG","0.00%","ROCTEC SECURITIES CO LTD","2,122",B01246
"ROOM C 1/F HARVEST BUILDING 29-35 WING KUT STREET CENTRAL HONG KONG","0.00%","YING WAH SECURITIES CO LTD","2,070",B01443
"UNITS 5-6 11/F RICHMOND COMMERCIAL BUILDING 109 ARGYLE STREET MONGKOK KOWLOON","0.00%","GARY CHENG SECURITIES LTD","2,000",B01995
"ROOM 4301-4308 & 4313 COSCO TOWER 183 QUEEN'S ROAD CENTRAL SHEUNG WAN HONG KONG","0.00%","FORTUNE (HK) SECURITIES LTD","1,900",B01753
"21/F ENTERTAINMENT BLDG 30 QUEEN'S ROAD CENTRAL HONG KONG","0.00%","ONSHINE SECURITIES LTD","1,886",B01297
"FLAT B & C 3/F HO LEE COMM BLDG 38-44 D'AGUILAR ST CENTRAL HONG KONG","0.00%","KWAN YICK SECURITIES (INTERNATIONAL) LTD","1,882",B01248
"FLAT D 7/F MAN LOK BUILDING 89-93 BONHAM STRAND EAST HONG KONG","0.00%","KARFORD SECURITIES LTD","1,882",B01571
"RM 1802 CAR PO COMMERCIAL BUILDING 37-43 POTTINGER STREET HONG KONG","0.00%","INTERCONTINENT SECURITIES CO LTD","1,741",B01794
"RM 1803 CHAMPION BUILDING 287-291 DES VOEUX ROAD CENTRAL SHEUNG WAN HONG KONG","0.00%","WING YEE SECURITIES CO LTD","1,693",B01535
"RM 608-609 6/F ONE ISLAND SOUTH 2 HEUNG YIP ROAD HONG KONG","0.00%","MEGABASE SECURITIES LTD","1,639",B01401
"7/F CHEONG SUN TOWER 118 WING LOK STREET SHEUNG WAN HONG KONG","0.00%","HENIK SECURITIES LTD","1,412",B01705
"RM 607-610 6/F TAI YAU BUILDING 181 JOHNSTON ROAD WANCHAI HONG KONG","0.00%","KARL-THOMSON SECURITIES CO LTD","1,355",B01514
"2/F CHUNG NAM HSE 59 DES VOEUX ROAD CENTRAL HONG KONG","0.00%","MARS SECURITIES CO LTD","1,318",B01457
"RM 503 GENERAL COMMERCIAL BUILDING 156-164 DES VOEUX ROAD CENTRAL HONG KONG","0.00%","UNICORN SECURITIES CO LTD","1,318",B01509
"UNIT 5106-07 51/F THE CENTER 99 QUEEN'S ROAD CENTRAL CENTRAL HONG KONG","0.00%","BRADBURY SECURITIES LTD","1,231",B01277
"8/F WAH YUEN BLDG 145-149 QUEEN'S RD CENTRAL HONG KONG","0.00%","TAK FUNG SHARES INVESTMENT CO LTD","1,223",B01144
"RM 303-5 YUE SHING COMM. BUILDING 15-16 QUEEN VICTORIA STREET CENTRAL HONG KONG","0.00%","JOSPA INVESTMENT CO LTD","1,223",B01362
"RM 702 FAR EAST CONSORTIUM BUILDING 121 DES VOEUX ROAD CENTRAL HONG KONG","0.00%","KWOK HING SECURITIES LTD","1,222",B01547
"RM 1101-1103 WING ON HOUSE 71 DES VOEUX ROAD CENTRAL HONG KONG","0.00%","PUBLIC SECURITIES LTD","1,130",B01376
"RM 4601-4603 46/F THE CENTER 99 QUEEN'S ROAD CENTRAL HONG KONG","0.00%","OKASAN INTERNATIONAL (ASIA) LTD","1,129",B01318
"RM 602 10 POTTINGER STREET CENTRAL HONG KONG","0.00%","MING HON SECURITIES LTD","1,129",B01651
"RM 3206 32/F CHINA RESOURCES BUILDING 26 HARBOUR ROAD WANCHAI HONG KONG","0.00%","CS WEALTH SECURITIES LTD","1,120",B01294
"20/F MAN ON COMM BLDG 12 JUBILEE ST CENTRAL HONG KONG","0.00%","TSUN CHI YUEN SECURITIES CO LTD","1,050",B01240
"SUITE 1303 TWO EXCHANGE SQUARE 8 CONNAUGHT PLACE CENTRAL HONG KONG","0.00%","IFAST SECURITIES (HK) LTD","1,000",B01459
"7/F LI PO CHUN CHAMBERS 189 DES VOEUX ROAD CENTRAL HONG KONG","0.00%","ZHONGTAI INTERNATIONAL SECURITIES LTD","1,000",B01959
"RM 3502 LIPPO CENTRE TOWER 2 89 QUEENSWAY HONG KONG","0.00%","ZINVEST GLOBAL LTD","1,000",B02102
"RM 1803 YUE SHING COMM BLDG 15 QUEEN VICTORIA ST CENTRAL HONG KONG","0.00%","S. W. WOO & CO LTD",941,B01350
"4/F HENLEY BUILDING 5 QUEEN'S ROAD CENTRAL HONG KONG","0.00%","SBI CHINA CAPITAL FINANCIAL SERVICES LTD",941,B01386
"ROOM 2510-2518 25/F SHUI ON CENTRE 6-8 HARBOUR ROAD WANCHAI HONG KONG","0.00%","HAO TIAN INTERNATIONAL SECURITIES LTD",941,B01454
"FLAT D 4/F MONGKOK BUILDING 546-548 NATHAN ROAD MONGKOK KOWLOON","0.00%","WAI FAT SECURITIES LTD",941,B01632
"13/F WINGS BUILDING 110-116 QUEEN'S ROAD CENTRAL HONG KONG","0.00%","TAI NING STOCK CO LTD",941,B01646
"22/F JUBILEE CENTRE 18 FENWICK STREET WANCHAI HONG KONG","0.00%","CES CAPITAL INTERNATIONAL (HONG KONG) CO",941,B01738
"RM 1717 CHINA MERCHANTS TOWER SHUN TAK CENTRE 168 CONNAUGHT ROAD CENTRAL HONG KONG","0.00%","UPMAX SECURITIES LTD",848,B02093
"RM 3302 33/F TOWER ONE LIPPO CENTRE 89 QUEENSWAY HONG KONG","0.00%","MORGAN FUEL GO SECURITIES LTD",847,B01326
"UNIT 906 9/F CAPITAL CENTRE 151 GLOUCESTER ROAD WANCHAI HONG KONG","0.00%","PO LEE SECURITIES LTD",847,B01374
"ROOM 510 5/F CHINA INSURANCE GROUP BUILDING 141 DES VOEUX ROAD CENTRAL HONG KONG","0.00%","PING AN SECURITIES LTD",847,B01462
"15/F WORLD TRUST TOWER 50 STANLEY STREET CENTRAL HONG KONG","0.00%","CHEER UNION SECURITIES LTD",846,B01659
"11A CKK COMMERCIAL CENTRE 289 HENNESSY ROAD WANCHAI HONG KONG","0.00%","HONG KONG STOCK LINK SECURITIES LTD",791,B01404
"25/F CHINA UNITED CENTRE 28 MARBLE ROAD NORTH POINT HONG KONG","0.00%","WIN WIND SECURITIES LTD",753,B01580
"RM 604 TAI PO COMMERCIAL CENTRE 152-172 KWONG FUK ROAD TAI PO NEW TERRITORIES","0.00%","SINO GRADE SECURITIES LTD",752,B01585
"ROOM 1013 & 15 10/F LEIGHTON CENTRE 77 LEIGHTON ROAD CAUSEWAY BAY HONG KONG","0.00%","BEEVEST SECURITIES LTD",734,B01434
"2/F WAH KIT COMMERCIAL CENTRE 302 DES VOEUX ROAD CENTRAL HONG KONG","0.00%","UPBEST SECURITIES CO LTD",659,B01540
"8/F NEW WORLD TOWER I 18 QUEEN'S ROAD CENTRAL HONG KONG","0.00%","LEI SHING HONG SECURITIES LTD",659,B01588
"21/F CHAMPION BUILDING 287-291 DES VOEUX ROAD CENTRAL HONG KONG","0.00%","KAM FAI SECURITIES CO LTD",659,B01615
"RM 802-803 TUNG MING BUILDING 40-42 DES VOEUX ROAD CENTRAL CENTRAL HONG KONG","0.00%","TUNG WUI SECURITIES CO LTD",659,B01619
"UNIT 2306 23/F 9 QUEEN'S ROAD CENTRAL HONG KONG","0.00%","EAA SECURITIES LTD",621,B01528
"23/F & 24/F KWONG FAT HONG BUILDING 1 RUMSEY STREET CENTRAL HONG KONG","0.00%","KWONG FAT HONG (SECURITIES) LTD",612,B01543
"RM 304-307 CHINA INSURANCE GROUP BLDG 141 DES VOEUX ROAD CENTRAL HONG KONG","0.00%","TAI YIP STOCK CO LTD",569,B01238
"19/F 88 GLOUCESTER ROAD WANCHAI HONG KONG","0.00%","CVP SECURITIES LTD",565,B01771
"FLAT 1A 1/F MAN HING COMMERCIAL BUILDING 79-83 QUEEN'S ROAD CENTRAL CENTRAL HONG KONG","0.00%","CARRIER STOCK INVESTMENT CO LTD",564,B01552
"SUITE 801 CENTRAL PLAZA 18 HARBOUR ROAD WANCHAI HONG KONG","0.00%","PREMIER Q SECURITIES LTD",482,B01266
"26/F CHINA UNITED CENTRE 28 MARBLE ROAD NORTH POINT HONG KONG","0.00%","SATINU MARKETS LTD",477,B01192
"3/F MONARCH HOUSE II 501-503 HENNESSY ROAD CAUSEWAY BAY HONG KONG","0.00%","SEAGA INTERNATIONAL LTD",473,B01782
"29/F QUEEN'S ROAD CENTRE 152 QUEEN'S ROAD CENTRAL HONG KONG","0.00%","HEAD & SHOULDERS SECURITIES LTD",471,B01714
"1/F GUANGDONG INVESTMENT TOWER 148 CONNAUGHT ROAD CENTRAL HONG KONG","0.00%","HOORAY SECURITIES LTD",470,B01227
"13/F WING YEE COMMERCIAL BLDG 5 WING KUT STREET CENTRAL HONG KONG","0.00%","CHEE TAK SECURITIES LTD",470,B01417
"ROOM A 7/F PICO TOWER 64-66 GLOUCESTER ROAD WANCHAI HONG KONG","0.00%","SHINENEX SECURITIES LTD",470,B01790
"UNIT 1701 17/F LOW BLOCK GRAND MILLENNIUM PLAZA 181 QUEEN'S ROAD CENTRAL SHEUNG WAN HONG KONG","0.00%","RAFFAELLO SECURITIES (HK) LTD",423,B01795
"RM 1903 19/F JUPITER TOWER 9-11 JUPITER STREET NORTH POINT HONG KONG","0.00%","GRAND CARTEL SECURITIES CO LTD",376,B01489
"UNIT 3308 33/F ENTERPRISE SQUARE THREE 39 WANG CHIU ROAD KOWLOON BAY KOWLOON","0.00%","HUABANG SECURITIES LTD",338,B01604
"11/F CMA BUILDING 64-66 CONNAUGHT ROAD CENTRAL HONG KONG","0.00%","YF SECURITIES CO LTD",331,B01577
"UNITS 3910-13 39/F COSCO TOWER 183 QUEEN'S ROAD CENTRAL HONG KONG","0.00%","POWER SECURITIES CO LTD",282,B01694
"SUITE 5107 51/F CENTRAL PLAZA 18 HARBOUR ROAD WANCHAI HONG KONG","0.00%","SHUN HENG SECURITIES LTD",282,B01731
"RM 805-806 8/F FAR EAST CONSORTIUM BUILDING 121 DES VOEUX ROAD CENTRAL HONG KONG","0.00%","SUN SECURITIES LTD",282,B01922
"RM 4303 43/F CHINA RESOURCES BUILDING 26 HARBOUR ROAD WANCHAI HONG KONG","0.00%","C.P. SECURITIES INTERNATIONAL LTD",200,B01726
"20/F WING ON HOUSE 71 DES VOEUX ROAD CENTRAL CENTRAL HONG KONG","0.00%","WING FUNG SECURITIES LTD",188,B01351
"3102-05 31/F WEST TOWER SHUN TAK CENTRE 168-200 CONNAUGHT ROAD CENTRAL SHEUNG WAN HONG KONG","0.00%","KAISER SECURITIES LTD",188,B01469
"6/F YARDLEY COMMERCIAL BUILDING NO.3 CONNAUGHT ROAD WEST HONG KONG","0.00%","SUN GROWTH SECURITIES LTD",188,B01472
"15/F NO.1 LAN KWAI FONG CENTRAL HONG KONG","0.00%","GOLDRIDE SECURITIES LTD",188,B01501
"16/F CMA BUILDING 64-66 CONNAUGHT ROAD CENTRAL HONG KONG","0.00%","SINOFORTUNE SECURITIES LTD",188,B01754
"45/F CHAMPION TOWER 3 GARDEN ROAD CENTRAL HONG KONG","0.00%","YAT LUNG SECURITIES LTD",150,B01156
"FLAT A & B 20/F YUE ON COMMERCIAL BUILDING 385-387 LOCKHART ROAD WANCHAI HONG KONG","0.00%","BLOOMYEARS LTD",94,B01329
"ROOM 1001 HONG KONG HOUSE 17-19 WELLINGTON STREET CENTRAL HONG KONG","0.00%","GLS SECURITIES LTD",94,B01678
"RM 1801 18/F LEE GARDEN FIVE 18 HYSAN AVENUE CAUSEWAY BAY HONG KONG","0.00%","SHUN LOONG SECURITIES CO LTD",92,B01568
"RM 1008 CHINA INSURANCE GROUP BUILDING 141 DES VOEUX ROAD CENTRAL HONG KONG","0.00%","CHINA PACIFIC SECURITIES LTD",8,B01346
